id,title,description,author,created_at
1,How to Work with Mocks,In this post we will learn how to work with mocks,Bruning,2022-06-04
2,How to Work as a Team,In this post we will learn how to work as a team,Bruning,2022-03-04
3,How testing could save you and your job,In this post we will learn how testing can prevent you from being fired,Bruning,2022-01-04
4,The standard Lorem Ipsum passage,Lorem ipsum dolor sit amet, consectetur adipiscing elit,Someone,1500-01-01
5,The standard Lorem Ipsum passage,Lorem ipsum dolor sit amet, consectetur adipiscing elit,Someone,1500-01-01
6,The standard Lorem Ipsum passage,Lorem ipsum dolor sit amet, consectetur adipiscing elit,Someone,1500-01-01
7,The standard Lorem Ipsum passage,Lorem ipsum dolor sit amet, consectetur adipiscing elit,Someone,1500-01-01
8,The standard Lorem Ipsum passage,Lorem ipsum dolor sit amet, consectetur adipiscing elit,Someone,1500-01-01
9,The standard Lorem Ipsum passage,Lorem ipsum dolor sit amet, consectetur adipiscing elit,Someone,1500-01-01
10,The standard Lorem Ipsum passage,Lorem ipsum dolor sit amet, consectetur adipiscing elit,Someone,1500-01-01
11,The standard Lorem Ipsum passage,Lorem ipsum dolor sit amet, consectetur adipiscing elit,Someone,1500-01-01
12,The standard Lorem Ipsum passage,Lorem ipsum dolor sit amet, consectetur adipiscing elit,Someone,1500-01-01
13,The standard Lorem Ipsum passage,Lorem ipsum dolor sit amet, consectetur adipiscing elit,Someone,1500-01-01
14,The standard Lorem Ipsum passage,Lorem ipsum dolor sit amet, consectetur adipiscing elit,Someone,1500-01-01
15,The standard Lorem Ipsum passage,Lorem ipsum dolor sit amet, consectetur adipiscing elit,Someone,1500-01-01
16,The standard Lorem Ipsum passage,Lorem ipsum dolor sit amet, consectetur adipiscing elit,Someone,1500-01-01
17,The standard Lorem Ipsum passage,Lorem ipsum dolor sit amet, consectetur adipiscing elit,Someone,1500-01-01
18,The standard Lorem Ipsum passage,Lorem ipsum dolor sit amet, consectetur adipiscing elit,Someone,1500-01-01
19,The standard Lorem Ipsum passage,Lorem ipsum dolor sit amet, consectetur adipiscing elit,Someone,1500-01-01
20,The standard Lorem Ipsum passage,Lorem ipsum dolor sit amet, consectetur adipiscing elit,Someone,1500-01-01
21,The standard Lorem Ipsum passage,Lorem ipsum dolor sit amet, consectetur adipiscing elit,Someone,1500-01-01